{"cameraMode":{"drawMode":0,"name":"Shaded","section":"Shading Mode"},"sceneLighting":true,"audioPlay":false,"sceneViewState":{"showFog":true,"showMaterialUpdate":false,"showSkybox":true,"showFlares":true,"showImageEffects":true,"showParticleSystems":true},"in2DMode":false,"pivot":{"x":-0.32909977436065676,"y":-0.43000006675720217,"z":2.415900230407715},"rotation":{"x":0.20557230710983277,"y":0.39492303133010867,"z":-0.0911407396197319,"w":0.8907689452171326},"size":9.405563354492188,"orthographic":false}